-- Tabla: degrees
INSERT INTO degrees (degree_id, name, total_hours)
VALUES (1, 'Desarrollo de Aplicaciones Multiplataforma (DAM)', 2000),
       (2, 'Desarrollo de Aplicaciones Web (DAW)', 2000);

-- Tabla: modules
INSERT INTO modules (module_id, name, anual_hours, degree_id)
VALUES (1, 'Bases de datos', 160, 1),
       (2, 'Entornos de desarrollo', 120, 1),
       (3, 'Formación y orientación laboral', 90, 1),
       (4, 'Lenguajes de marcas', 90, 1),
       (5, 'Programación', 190, 1),
       (6, 'Sistemas informáticos', 160, 1),
       (7, 'Bases de datos', 160, 2),
       (8, 'Entornos de desarrollo', 120, 2),
       (9, 'Formación y orientación laboral', 90, 2),
       (10, 'Lenguajes de marcas', 90, 2),
       (11, 'Programación', 190, 2),
       (12, 'Sistemas informáticos', 160, 2);

-- Tabla: students
INSERT INTO students (student_id, first_name, last_name, date_of_birth)
VALUES (1, 'Luis', 'García', '2005-02-15'),
       (2, 'María', 'López', '2004-12-23'),
       (3, 'Carlos', 'Martínez', '2005-07-05'),
       (4, 'Ana', 'Gómez', '2004-11-10'),
       (5, 'Jorge', 'Fernández', '2005-03-17'),
       (6, 'Elena', 'Ruiz', '2005-05-20'),
       (7, 'Pablo', 'Hernández', '2005-01-09'),
       (8, 'Clara', 'Sánchez', '2005-04-25'),
       (9, 'Alberto', 'Ramírez', '2005-06-02'),
       (10, 'Sofía', 'Torres', '2005-09-12'),
       (11, 'Javier', 'Jiménez', '2005-08-14'),
       (12, 'Isabel', 'Díaz', '2005-10-30'),
       (13, 'Daniel', 'Castillo', '2005-03-21'),
       (14, 'Lucía', 'Moreno', '2005-12-05'),
       (15, 'Héctor', 'Ortiz', '2005-02-03'),
       (16, 'Raquel', 'Iglesias', '2005-07-18'),
       (17, 'Sergio', 'Gil', '2005-11-01'),
       (18, 'Beatriz', 'Navarro', '2005-04-10'),
       (19, 'Rubén', 'Reyes', '2005-05-25'),
       (20, 'Ana', 'Vargas', '2005-06-30'),
       (21, 'Álvaro', 'Molina', '2005-01-20'),
       (22, 'Teresa', 'Romero', '2004-12-17'),
       (23, 'Iván', 'Vázquez', '2005-03-13'),
       (24, 'Laura', 'Domínguez', '2005-07-02'),
       (25, 'Óscar', 'Cabrera', '2005-05-06'),
       (26, 'Carmen', 'Pérez', '2005-02-25'),
       (27, 'Adrián', 'Soto', '2005-09-10'),
       (28, 'Inés', 'Cano', '2005-10-20'),
       (29, 'David', 'Luna', '2005-11-15'),
       (30, 'Paula', 'Campos', '2005-04-30'),
       (31, 'Diego', 'Serrano', '2005-08-03'),
       (32, 'Nuria', 'Martín', '2005-06-18'),
       (33, 'Ana', 'Gutiérrez', '2005-02-13'),
       (34, 'Rosa', 'Salas', '2005-03-28'),
       (35, 'Alejandro', 'Blanco', '2005-05-10'),
       (36, 'Cristina', 'Medina', '2005-12-08'),
       (37, 'Fernando', 'Vega', '2005-01-31'),
       (38, 'Eva', 'Flores', '2005-07-23'),
       (39, 'Guillermo', 'Suárez', '2005-10-18'),
       (40, 'Andrea', 'Ana', '2005-06-11');

-- Tabla: modules_students
INSERT INTO modules_students (student_id, module_id)
VALUES
-- Matrículas DAM
(1, 1),
(1, 2),
(1, 3),
(1, 4),
(1, 5),
(1, 6),
(2, 1),
(2, 2),
(2, 3),
(2, 4),
(2, 5),
(2, 6),
(3, 1),
(3, 2),
(3, 3),
(3, 4),
(3, 5),
(3, 6),
(4, 1),
(4, 2),
(4, 3),
(4, 4),
(4, 5),
(4, 6),
(5, 1),
(5, 2),
(5, 3),
(5, 4),
(5, 5),
(5, 6),
(6, 1),
(6, 2),
(6, 3),
(6, 4),
(6, 5),
(6, 6),
(7, 1),
(7, 2),
(7, 3),
(7, 4),
(7, 5),
(7, 6),
(8, 1),
(8, 2),
(8, 3),
(8, 4),
(8, 5),
(8, 6),
(9, 1),
(9, 2),
(9, 3),
(9, 4),
(9, 5),
(9, 6),
(10, 1),
(10, 2),
(10, 3),
(10, 4),
(10, 5),
(10, 6),
(11, 1),
(11, 2),
(11, 3),
(11, 4),
(11, 5),
(11, 6),
(12, 1),
(12, 2),
(12, 3),
(12, 4),
(12, 5),
(12, 6),
(13, 1),
(13, 2),
(13, 3),
(13, 4),
(13, 5),
(13, 6),
(14, 1),
(14, 2),
(14, 3),
(14, 4),
(14, 5),
(14, 6),
(15, 1),
(15, 2),
(15, 3),
(15, 4),
(15, 5),
(15, 6),
(16, 1),
(16, 2),
(16, 3),
(16, 4),
(16, 5),
(16, 6),
(17, 1),
(17, 2),
(17, 3),
(17, 4),
(17, 5),
(17, 6),
(18, 1),
(18, 2),
(18, 3),
(18, 4),
(18, 5),
(18, 6),
(19, 1),
(19, 2),
(19, 3),
(19, 4),
(19, 5),
(19, 6),
(20, 1),
(20, 2),
(20, 3),
(20, 4),
(20, 5),
(20, 6),

-- Matrículas DAW
(21, 7),
(21, 8),
(21, 9),
(21, 10),
(21, 11),
(21, 12),
(22, 7),
(22, 8),
(22, 9),
(22, 10),
(22, 11),
(22, 12),
(23, 7),
(23, 8),
(23, 9),
(23, 10),
(23, 11),
(23, 12),
(24, 7),
(24, 8),
(24, 9),
(24, 10),
(24, 11),
(24, 12),
(25, 7),
(25, 8),
(25, 9),
(25, 10),
(25, 11),
(25, 12),
(26, 7),
(26, 8),
(26, 9),
(26, 10),
(26, 11),
(26, 12),
(27, 7),
(27, 8),
(27, 9),
(27, 10),
(27, 11),
(27, 12),
(28, 7),
(28, 8),
(28, 9),
(28, 10),
(28, 11),
(28, 12),
(29, 7),
(29, 8),
(29, 9),
(29, 10),
(29, 11),
(29, 12),
(30, 7),
(30, 8),
(30, 9),
(30, 10),
(30, 11),
(30, 12),
(31, 7),
(31, 8),
(31, 9),
(31, 10),
(31, 11),
(31, 12),
(32, 7),
(32, 8),
(32, 9),
(32, 10),
(32, 11),
(32, 12),
(33, 7),
(33, 8),
(33, 9),
(33, 10),
(33, 11),
(33, 12),
(34, 7),
(34, 8),
(34, 9),
(34, 10),
(34, 11),
(34, 12),
(35, 7),
(35, 8),
(35, 9),
(35, 10),
(35, 11),
(35, 12),
(36, 7),
(36, 8),
(36, 9),
(36, 10),
(36, 11),
(36, 12),
(37, 7),
(37, 8),
(37, 9),
(37, 10),
(37, 11),
(37, 12),
(38, 7),
(38, 8),
(38, 9),
(38, 10),
(38, 11),
(38, 12),
(39, 7),
(39, 8),
(39, 9),
(39, 10),
(39, 11),
(39, 12),
(40, 7),
(40, 8),
(40, 9),
(40, 10),
(40, 11),
(40, 12);


alter table students alter column student_id restart with 50;